{
  "Total" : {
    "transaction" : "Total",
    "sampleCount" : 50,
    "errorCount" : 5,
    "errorPct" : 10.0,
    "meanResTime" : 1294.56,
    "medianResTime" : 1294.5,
    "minResTime" : 521.0,
    "maxResTime" : 2148.0,
    "pct1ResTime" : 1913.6,
    "pct2ResTime" : 2090.85,
    "pct3ResTime" : 2148.0,
    "throughput" : 15.964240102171138,
    "receivedKBytesPerSec" : 22.351495150862068,
    "sentKBytesPerSec" : 6.937584810025543
  },
  "RENDIEMIENTO - DAVIVIENDA" : {
    "transaction" : "RENDIEMIENTO - DAVIVIENDA",
    "sampleCount" : 50,
    "errorCount" : 5,
    "errorPct" : 10.0,
    "meanResTime" : 1294.56,
    "medianResTime" : 1294.5,
    "minResTime" : 521.0,
    "maxResTime" : 2148.0,
    "pct1ResTime" : 1913.6,
    "pct2ResTime" : 2090.85,
    "pct3ResTime" : 2148.0,
    "throughput" : 15.964240102171138,
    "receivedKBytesPerSec" : 22.351495150862068,
    "sentKBytesPerSec" : 6.937584810025543
  }
}